grieks,nederlands,streak,score_goed,score_fout,laatst_geoefend
εἰς,"(+acc.) naar, tot, in, voor",31,17,6,2026-08-12
οὗτος,"deze, die, dit, dat",0,0,0,
ὅτι,"dat, omdat",0,0,0,
ἐκ,"uit, vanuit, van(af)",31,14,4,2026-08-12
πρός,"(+acc.) naar(toe), tot, tegen, aangaande; (+dat.) bij",0,0,0,
ὁ,"de, het",0,0,0,
καί,"en, ook, zelfs",6,6,6,2026-08-14
αὐτός,"hij, zij, het, zelf, dezelfde, hetzelfde",0,0,0,
σύ,"jij, u",0,0,0,
δέ,"en, maar, nu [geeft subtiel een volgende stap of lichte tegenstelling aan]",31,20,4,2026-08-12
ἐν,"(+dat.) in, op, bij, door",0,0,0,
ἐγώ,ik,0,0,0,
εἰμί,zijn,2,3,3,2026-08-12
λέγω,"zeggen, spreken, opdragen, noemen",0,0,0,
οὐ,"niet, nee",0,0,0,
ὅς,"die, dat, wie, wat",9,4,0,2026-08-12
θεός,god,0,0,0,
πᾶς,"alle(n), ieder, geheel",0,0,0,
μή,"niet, opdat niet",0,19,3,2026-08-12
γάρ,"want, namelijk, dus",0,0,0,
Ἰησοῦς,Jezus,0,0,0,
ἐπί,"(+gen.) op, over, tijdens; (+dat.) op (grond van), bij, voor, over; (+acc.) op, naar, tegen, gedurende",31,20,5,2026-08-12
πεινάω,hongerig zijn,0,0,0,
κύριος,"heer, meester",0,0,0,
ἔχω,"hebben, houden (voor)",2,19,0,2026-08-12
ὁράω,"(act./med.) zien, inzien, erop toezien dat; (pas.) verschijnen",0,0,0,
ἵνα,"opdat, dat, zodat",0,0,0,
γίνομαι,"worden, ontstaan, gebeuren, zijn",1,1,0,2026-08-12
διά,"(+gen.) door(heen); (+acc.) door, wegens",0,0,0,
ἀπό,"van, weg van, vanwege, sinds",0,0,0,
ἀλλά,"maar, desalniettemin",5,7,4,2026-08-12
ἔρχομαι,"komen, gaan",0,0,0,
ποιέω,"doen, maken (dat/tot)",0,0,0,
τίς,"wie, wat, welk(e)",0,14,2,2026-08-12
ἄνθρωπος,"mens, iemand",0,0,0,
τὶς,"iemand, één of andere, sommige(n)",0,0,0,
Χριστός,"Christus, Messias, gezalfde",31,18,6,2026-08-12
ὡς,"zoals, als(of), hoe, dat, toen, ongeveer",0,0,0,
εἰ,"als, indien",0,0,0,
οὖν,"dus, dan",5,16,1,2026-08-12
κατά,"(+gen.) gedurende, beneden, tegen; (+acc.) volgens, door",0,0,0,
μετά,(+gen.) met; (+acc.) na,0,0,0,
ἀκούω,"(+acc./+gen.) horen, luisteren naar, gehoorzamen",9,15,0,2026-08-12
δίδωμι,geven,0,0,0,
πατήρ,"vader, voorvader",0,0,0,
ἡμέρα,dag,1,14,5,2026-08-12
πνεῦμα,"geest, adem, wind",0,0,0,
υἱός,"zoon, kind",0,0,0,
ἀδελφός,"broer; (pl.) broers en zussen, familieleden",9,13,4,2026-08-12
ἤ,"of, dan",0,0,0,
ἐάν,"als, indien, wanneer",0,0,0,
εἷς,één,1,8,2,2026-08-12
περί,"(+gen.) over; (+acc.) rondom, (in verband) met",0,0,0,
λόγος,"woord, (toe)spraak, rede(n), verslag",0,0,0,
ἑαυτοῦ,"hemzelf, haarzelf, zichzelf",5,16,2,2026-08-12
οἶδα,"weten, inzien",0,0,0,
λαλέω,"spreken, zeggen",0,0,0,
οὐρανός,hemel,0,2,4,2026-08-12
μαθητής,"leerling, discipel",0,0,0,
λαμβάνω,"ontvangen, nemen",0,0,0,
γῆ,"aarde, land",1,12,0,2026-08-12
ἐκεῖνος,"die (daar), dat (daar)",0,0,0,
μέγας,groot,0,0,0,
πίστις,"vertrouwen, trouw, geloof, overtuiging, garantie",9,12,0,2026-08-12
πιστεύω,"vertrouwen, geloven, trouw zijn",0,0,0,
οὐδείς,"niemand, niets",0,0,0,
ἅγιος,"heilig, toegewijd",0,0,1,2026-08-12
ἀποκρίνομαι,antwoorden,0,0,0,
ὄνομα,"naam, autoriteit, reputatie",0,0,0,
γινώσκω,"leren kennen, begrijpen, inzien",5,1,3,2026-08-12
ὑπό,(+gen.) door; (+acc.) onder,0,0,0,
ἐξέρχομαι,"uitgaan, komen uit",0,0,0,
ἀνήρ,man,22,12,3,2026-08-12
γυνή,vrouw,0,0,0,
δύναμαι,"kunnen, in staat zijn",0,0,0,
οὕτω,"zo, op deze manier",1,18,5,2026-08-12
τέ,en,0,0,0,
θέλω,"willen, verlangen",0,0,0,
ἰδού,zie! [imper. bij ὁράω],5,8,2,2026-08-12
Ἰουδαῖος,"Joods, Judees; (subst.) Jood, Judeeër",0,0,0,
νόμος,"wet, Torah",0,0,0,
παρά,"(+gen.) van (de kant van); (+dat.) bij; (+acc.) naast, vergeleken met",1,9,2,2026-08-12
γράφω,schrijven,0,0,0,
εἰσέρχομαι,"binnengaan, binnenkomen",0,0,0,
κόσμος,wereld,0,13,6,2026-08-12
μέν,"weliswaar, nu [moeilijk vertaalbaar, geeft aan dat er nog een aanvulling volgt]",0,0,0,
καθώς,zoals,0,0,0,
ἄγγελος,"engel, boodschapper",1,4,1,2026-08-12
εὑρίσκω,vinden,0,0,0,
χείρ,hand,0,0,0,
ὄχλος,menigte,1,0,0,2026-08-12
ἁμαρτία,"zonde, misstap, zondigheid",0,0,0,
ἔργον,"werk, daad, taak",0,0,0,
δόξα,"glorie, eer",31,15,1,2026-08-12
ἄν,"[geeft mogelijkheid aan, vertaling afhankelijk van modus en tempus werkwoord]",0,0,0,
πόλις,"stad, stadstaat",0,0,0,
βασιλεία,"heerschappij, koninkrijk",5,14,4,2026-08-12
ἔθνος,"volk; (pl.) (niet-joodse) volkeren, heidenen",0,0,0,
τότε,"toen, op dat moment",0,0,0,
ἐσθίω,(op)eten,5,4,3,2026-08-12
καρδία,"hart, binnenste",0,0,0,
χάρις,"gunst, genade, dank",0,0,0,
πρῶτος,"(adj.) eerst, eerder, (meest) prominent; (adv.) (als) eerst(e)",22,3,3,2026-08-12
ἄλλος,ander,0,0,0,
ἵστημι,"(act./aor.1) doen staan, plaatsen, (vast)stellen; (med./pf./stamaor.) (gaan) staan; (pas.) gesteld worden",0,0,0,
πορεύομαι,"reizen, gaan, leven",22,6,0,2026-08-12
ὑπέρ,"(+gen.) ten behoeve van, voor, namens; (+acc.) meer, overheen; (+comp.) dan",0,0,0,
καλέω,"roepen, noemen",0,0,0,
νῦν,"nu, welnu",9,18,2,2026-08-12
σάρξ,"vlees, lichaam, mens",0,0,0,
ἕως,"tot(dat), zolang (als) (+gen.)",0,0,0,
προφήτης,profeet,0,6,1,2026-08-12
ἀγαπάω,"liefhebben, zorgen voor, waarderen",0,0,0,
ἀφίημι,"wegsturen, achterlaten, scheiden (van), laten (gaan), toestaan, vergeven",0,0,0,
ἐγείρω,"(op)wekken, wakker maken, ontwaken, opstaan, verschijnen",22,19,5,2026-08-12
λαός,"menigte, (groep) mensen",0,0,0,
σῶμα,lichaam,0,0,0,
πάλιν,"weer, opnieuw, terug, bovendien, anderzijds",1,1,1,2026-08-12
οὐδέ,"noch, en (ook) niet, zelfs niet",0,0,0,
ζάω,leven,0,0,0,
ὅστις,"die, dat, wie (ook maar), wat (ook maar)",5,14,2,2026-08-12
φωνή,"geluid, stem, klank, taal",0,0,0,
ζωή,leven,0,0,0,
βλέπω,"(in)zien, (be)kijken, gericht zijn op",0,19,2,2026-08-12
δύο,twee,0,0,0,
ἀποστέλλω,"(uit)zenden, (weg)sturen",0,0,0,
νεκρός,"(adj.) dood; (subst.) dode, lijk",9,12,0,2026-08-12
σύν,(+dat.) (samen) met,0,0,0,
ἀμήν,"amen, laat het zo zijn",0,0,0,
δοῦλος,slaaf,1,2,1,2026-08-12
αἰών,"eeuw, tijdperk, wereld",0,0,0,
ὅταν,wanneer,0,0,0,
ἀρχιερεύς,hogepriester; (pl.) belangrijke priesters,5,0,4,2026-08-12
βάλλω,"gooien, strooien, gieten, aandoen, neerzetten, bewerken",0,0,0,
θάνατος,dood,0,0,0,
δύναμις,"kracht, macht, krachtige/wonderlijke daad",17,11,4,2026-08-12
παραδίδωμι,"overhandigen, uitleveren, (zich) overgeven",0,0,0,
μένω,"(ver)blijven, wachten",0,0,0,
πῶς,hoe,31,4,4,2026-08-12
ἀπέρχομαι,"weggaan, vertrekken, voorbijgaan",0,0,0,
ζητέω,"zoeken (naar), onderzoeken, verlangen (naar), vereisen",0,0,0,
ἀγάπη,"liefde, zorg, waardering",31,18,1,2026-08-12
βασιλεύς,"koning, heerser",0,0,0,
ἐκκλησία,"vergadering, gemeente",0,0,0,
κρίνω,"(ver)kiezen, besluiten, (be)oordelen, veroordelen",22,5,5,2026-08-12
μόνος,"(adj.) alleen; (adv.) alleen maar, slechts",0,0,0,
οἶκος,"huis, huishouding, familie",0,0,0,
ἴδιος,"eigen, persoonlijk",2,9,1,2026-08-12
ἀποθνῄσκω,"sterven, de dood tegemoet gaan, worden gedood",0,0,0,
μέλλω,"zullen, van plan zijn",0,0,0,
ἀλήθεια,waarheid,5,6,1,2026-08-12
παρακαλέω,"erbij roepen, een beroep doen op, troosten, aansporen (tot), bemoedigen",0,0,0,
ἀνίστημι,doen opstaan; (med./aor.2) opstaan,0,0,0,
ὅλος,"(ge)heel, alle",5,12,3,2026-08-12
ὥρα,"uur, tijd",0,0,0,
σῴζω,"redden, verlossen, genezen",0,0,0,
ἀγαθός,goed,1,13,0,2026-08-12
δεῖ,"het is nodig, men moet [onpersoonlijke vorm in 3e persoon van δέω]",0,0,0,
ἐξουσία,"autoriteit, volmacht, recht",0,0,0,
ψυχή,"ziel, leven, persoon",1,3,0,2026-08-12
ὅτε,"wanneer, toen, zolang (als)",0,0,0,
αἴρω,"opheffen, verwijderen",0,0,0,
καλός,"goed, mooi",9,7,5,2026-08-12
ὁδός,"weg, reis, manier",0,0,0,
ἀλλήλων,(pron. recip.) (van/aan) elkaar [nom. ontbreekt],0,0,0,
ὀφθαλμός,oog,22,8,3,2026-08-12
τέκνον,kind,0,0,0,
τίθημι,"plaatsen, (neer)leggen, aanstellen",0,0,0,
Φαρισαῖος,Farizeeër,31,9,4,2026-08-12
αἷμα,bloed,0,0,0,
ἄρτος,"brood, voedsel",0,0,0,
γεννάω,"voortbrengen, verwekken, baren, het leven geven",2,2,1,2026-08-12
διδάσκω,"onderwijzen, leren (aan)",0,0,0,
ἕτερος,"anders, vreemd, verschillend",0,0,0,
ἐκεῖ,daar(heen),5,15,4,2026-08-12
περιπατέω,"(rond)wandelen, (je) leven (leiden)",0,0,0,
τόπος,"plaats, taak, mogelijkheid",0,0,0,
φοβέω,"vrezen, bang zijn (voor), ontzag hebben (voor)",1,8,1,2026-08-12
ἐνώπιον,"voor, in aanwezigheid van, voor het aangezicht van",0,0,0,
οἰκία,"huis, huishouding, familie",0,0,0,
ἔτι,"nog (steeds), al, meer, langer",5,0,0,2026-08-12
πούς,voet,0,0,0,
εἰρήνη,vrede,0,0,0,
δικαιοσύνη,"rechtvaardigheid, oprechtheid",9,13,3,2026-08-12
θάλασσα,"zee, meer",0,0,0,
κάθημαι,(gaan) zitten,0,0,0,
οὔτε,"noch, en (ook) niet",5,1,0,2026-08-12
ἀπόλλυμι,"vernietigen, te gronde richten; (med.) verliezen, te gronde gaan",0,0,0,
ἀκολουθέω,"volgen, navolgen",0,0,0,
μηδείς,"(adj.) geen; (subst.) niemand, niets",2,9,2,2026-08-12
πίπτω,"vallen, ten val komen",0,0,0,
ἑπτά,zeven,0,0,0,
προσέρχομαι,"komen, (voort)gaan (naar), instemmen (met)",2,2,2,2026-08-12
εὐθέως,"onmiddellijk, meteen",0,0,0,
καιρός,"gelegenheid, (de juiste) tijd, (het juiste) moment",0,0,0,
πληρόω,"vullen, vervullen, volledig uitvoeren",2,14,2,2026-08-12
προσεύχομαι,bidden,0,0,0,
μήτηρ,moeder,0,0,0,
ἄρχω,"(act.) heersen, regeren; (med.) beginnen",2,18,0,2026-08-12
κἀγώ,"en ik, ik ook [καί + ἐγώ]",0,0,0,
ὥστε,"daarom, dus, zodat, opdat",0,0,0,
ἕκαστος,"ieder, elk; (subst.) (een)ieder, iedereen",0,15,2,2026-08-12
καταβαίνω,"naar beneden gaan/komen, afdalen",0,0,0,
ὅπου,"waar, waar ook maar, terwijl",0,0,0,
ἀναβαίνω,"omhoog gaan, beklimmen, opkomen",9,1,0,2026-08-12
ἐκβάλλω,"uitwerpen, wegsturen, uitzenden, uithalen",0,0,0,
μᾶλλον,"(te) meer, liever, veeleer [comp. van μάλα]",0,0,0,
ἀπόστολος,"boodschapper, afgevaardigde, ambassadeur, apostel, zendeling",1,15,0,2026-08-12
δίκαιος,"rechtvaardig, rechtmatig, oprecht, terecht",0,0,0,
πέμπω,"zenden, sturen",0,0,0,
ὑπάγω,"weggaan, op weg gaan",9,10,1,2026-08-12
ὕδωρ,water,0,0,0,
πονηρός,"(adj.) slecht, kwaad; (subst.) (de/het) slechte/kwade",0,0,0,
ἀνοίγω,openen; (perf.) opengaan,1,2,3,2026-08-12
στόμα,mond,0,0,0,
ἐμός,"(pron. poss.) mijn, van mij",0,0,0,
σημεῖον,"teken, aanwijzing",17,1,5,2026-08-12
μαρτυρέω,"getuigen, verklaren, goedkeuring geven",0,0,0,
βαπτίζω,"dopen, wassen, onderdompelen",0,0,0,
εὐαγγέλιον,"goed nieuws, evangelie",2,10,2,2026-08-12
πρόσωπον,"(aan)gezicht, uiterlijk",0,0,0,
δώδεκα,twaalf,0,0,0,
κεφαλή,hoofd,1,15,0,2026-08-12
ἀποκτείνω,doden,0,0,0,
χαίρω,"blij zijn, zich verheugen; (imper./infin.) gegroet(!)",0,0,0,
πίνω,drinken,22,0,6,2026-08-12
φῶς,licht(bron),0,0,0,
αἰώνιος,"lange tijd geleden, eeuwig",0,0,0,
ἱερός,"(adj.) heilig, van de tempel; (subst.) heiligdom, tempel",31,18,0,2026-08-12
πῦρ,vuur,0,0,0,
τηρέω,"bewaken, bewaren, in acht nemen",0,0,0,
αἰτέω,"vragen, verzoeken (om)",22,12,4,2026-08-12
ἄγω,"leiden, brengen",0,0,0,
σάββατον,"[sg. en pl.] sabbat, week",0,0,0,
φέρω,"brengen, dragen, leiden",0,19,0,2026-08-12
ἐντολή,"opdracht, instructie, bevel",0,0,0,
πιστός,"(adj.) trouw, betrouwbaar, gelovig; (subst.) getrouwe, gelovige",0,0,0,
πλοῖον,"boot, schip",1,2,5,2026-08-12
ῥῆμα,"uitspraak, verklaring",0,0,0,
τρεῖς,drie,0,0,0,
ἀπολύω,"(vrij)laten, laten gaan, wegsturen, scheiden (van); (med.) vertrekken",1,8,3,2026-08-12
καρπός,"vrucht, opbrengst",0,0,0,
πρεσβύτερος,"oudere [comp.]; (pl.) voorouders, oudsten, leiders",0,0,0,
φημί,"zeggen, spreken",17,12,5,2026-08-12
εἴτε,"(en) als; (2x) als ... (of) als, of(wel) ... of(wel)",0,0,0,
γραμματεύς,"(ambtelijke) secretaris, schriftgeleerde",0,0,0,
δαιμόνιον,"godheid, demon, kwade geest",31,14,3,2026-08-12
ἐρωτάω,"vragen, verzoeken",0,0,0,
ὄρος,"heuvel, berg",0,0,0,
θέλημα,"wil, plan, verlangen",1,16,6,2026-08-12
δοκέω,"menen, schijnen, lijken, bekend zijn met, besluiten",0,0,0,
ἔξω,"buiten, naar buiten, uit",0,0,0,
θρόνος,troon,0,9,4,2026-08-12
ἀγαπητός,"geliefd, (subst.) geliefde",0,0,0,
δοξάζω,"prijzen, eren",0,0,0,
κηρύσσω,"verkondigen, een boodschap brengen",1,15,0,2026-08-12
νύξ,nacht,0,0,0,
ἤδη,"al, (al)reeds, nu",0,0,0,
ἱμάτιον,"kleding, kleed, mantel",5,3,3,2026-08-12
προσκυνέω,"aanbidden, eerbewijzen (+dat.)",0,0,0,
ὑπάρχω,"(er) zijn, bestaan, bezitten",0,0,0,
ὧδε,"hier, hierheen",31,8,0,2026-08-12
ἀσπάζομαι,"groeten, respect betuigen (aan)",0,0,0,
συνάγω,(act.) verzamelen; (med./pas.) bijeen/erbij komen,0,0,0,
διδάσκαλος,"onderwijzer, leraar",17,9,1,2026-08-12
εὐθύς,"meteen, onmiddellijk",0,0,0,
λίθος,steen,0,0,0,
χαρά,"blijdschap, vreugde",5,16,1,2026-08-12
μέσος,(in het) midden,0,0,0,
θεωρέω,"aanschouwen, opmerken, inzien",0,0,0,
μηδέ,"en niet, noch, zelfs niet",17,14,3,2026-08-12
τοιοῦτος,"zodanig, zo'n",0,0,0,
ἀρχή,"begin, autoriteit, heerschappij",0,0,0,
τρίτος,"(adj.) derde; (adv.) ten derde, voor de derde keer; (subst.) eenderde (deel)",0,10,4,2026-08-14
ἐπερωτάω,"vragen (om), ondervragen",0,0,0,
δέχομαι,"ontvangen, nemen, verwelkomen",0,0,0,
συναγωγή,"synagoge, bijeenkomst, gemeente",9,6,5,2026-08-12
πολύς,"veel, vaak (comp. πλείων; superl. πλεῖστος)",0,0,0,
κράζω,"(uit)schreeuwen, (uit)roepen",0,0,0,
χρόνος,"tijd, periode",22,6,1,2026-08-12
δεξιός,"rechts, rechter-",0,0,0,
εὐαγγελίζω,"goed nieuws brengen, het evangelie verkondigen",0,0,0,
διό,"daarom, bijgevolg",22,7,4,2026-08-12
ἐλπίς,"hoop, verwachting",0,0,0,
ἔσχατος,"laatst, uiteindelijk, minst",0,0,0,
λοιπός,"(adj.) overgebleven, overig; (adv.) van nu af aan, nog, verder, tot slot",17,6,1,2026-08-12
ὅπως,"(+indic.) hoe; (+conj.) opdat, om te",0,0,0,
οὐχί,"niet, nee, geenszins",0,0,0,
ἐπαγγελία,belofte,2,15,2,2026-08-12
παιδίον,"kind, kindje",0,0,0,
πείθω,"(act.) overtuigen, verzekeren; (med./pas.) overtuigd zijn/worden, gehoor geven (aan)",0,0,0,
σπείρω,"zaaien, verstrooien",0,2,2,2026-08-12
σοφία,wijsheid,0,0,0,
κακός,"slecht, kwaad, schadelijk",0,0,0,
γλῶσσα,"tong, taal",2,3,3,2026-08-12
γραφή,"geschrift, de Schrift, schrifttekst",0,0,0,
μακάριος,"gelukkig, gezegend",0,0,0,
παραβολή,"parabel, gelijkenis, symbool",31,8,1,2026-08-12
τυφλός,(adj.) blind; (subst.) blinde,0,0,0,
φανερόω,"laten zien, bekend maken",0,0,0,
ἄχρι,"tot, binnen; (+οὗ) totdat; (+gen.) tot aan",22,12,5,2026-08-12
ἔτος,jaar,0,0,0,
παραλαμβάνω,"(aan)nemen, meenemen, ontvangen",0,0,0,
χρεία,"nood, noodzaak, taak; (+ἔχω) nodig hebben",31,10,5,2026-08-12
ἀποδίδωμι,"(act.) teruggeven, terugbetalen, opleveren; (med.) verkopen",0,0,0,
ἔμπροσθεν,"voor, vooraan, ten overstaan van (+gen.)",0,0,0,
οὐκέτι,"niet langer, niet meer, niet",31,10,0,2026-08-12
πρό,"(+gen.) voor, eerder dan",0,0,0,
κρατέω,"vasthouden, zekeren",0,0,0,
ἁμαρτωλός,"zondig, in overtreding; (subst.) zondaar, overtreder",0,8,6,2026-08-12
ἔρημος,"(adj.) onbevolkt, eenzaam, verlaten; (subst.) eenzame/verlaten plaats, woestijn",0,0,0,
κρίσις,"oordeel, rechtbank",0,0,0,
φόβος,"vrees, angst, ontzag, intimidatie",0,8,4,2026-08-12
ἀπαγγέλλω,"berichten, verklaren, verkondigen",0,0,0,
καθίζω,"doen zitten, (aan)stellen, gaan zitten, verblijven",0,0,0,
μικρός,"klein, laag, kort",17,9,5,2026-08-12
οὐαί,"ach(!), wee(!) [uitroep van pijn]",0,0,0,
προσφέρω,"brengen (naar), aanbieden; (med./pas.) behandelen",0,0,0,
σταυρόω,kruisigen,0,20,1,2026-08-12
σωτηρία,"redding, verlossing",0,0,0,
φυλακή,"plaats van bewaring, cel, wachtpost, wacht",0,0,0,
διώκω,"vervolgen, (na)jagen, (na)volgen",22,14,1,2026-08-12
θηρίον,"(wild) dier, beest",0,0,0,
θλῖψις,"verdrukking, tegenspoed",0,0,0,
ναός,tempel,0,8,1,2026-08-12
ὅμοιος,"gelijk (aan), lijkend (op) (+dat.)",0,0,0,
ποῦ,"waar, waarheen",0,0,0,
δεύτερος,"tweede; (adv.) de/een tweede keer, ten tweede",2,1,5,2026-08-12
ἐπιγινώσκω,"(goed) kennen, herkennen, leren kennen",0,0,0,
κατοικέω,"bewonen, verblijven (in)",0,0,0,
σπέρμα,"zaad, nageslacht, nakomeling",1,14,0,2026-08-12
ἁμαρτάνω,"zondigen, een misstap maken",0,0,0,
γενεά,"generatie, type mensen, (na)geslacht",0,0,0,
δέω,"(vast)binden, verbieden",17,2,5,2026-08-12
θαυμάζω,"bewonderen, verwonderd/verbaasd zijn (over)",0,0,0,
θεραπεύω,"zorgen voor, helpen, genezen",0,0,0,
καινός,"nieuw, onbekend",5,6,6,2026-08-12
ἀνάστασις,"opwekking, opstanding",0,0,0,
ἐγγίζω,"naderen, komen bij",0,0,0,
λύω,"losmaken, afschaffen, breken, vernietigen",31,8,1,2026-08-12
πότε,wanneer,0,0,0,
σεαυτοῦ,(pron. refl.) (van/aan) zichzelf [nom. ontbreekt],0,0,0,
φωνέω,"kraaien, (uit)roepen, (op)roepen",0,15,4,2026-08-12
χωρίς,"(adv.) apart, afgezonderd; (prep.) (+gen.) zonder, buiten, (nog) los van",0,0,0,
διέρχομαι,gaan/komen (door),0,0,0,
παρίστημι,"presenteren, (gaan) staan bij, bijstand verlenen",0,5,1,2026-08-12
εὐλογέω,"zegenen, prijzen, verheerlijken",0,0,0,
ἄξιος,"waardig, waard, geschikt",0,0,0,
ἐργάζομαι,"actief zijn, werken, handelen, uitvoeren",9,11,4,2026-08-12
ἑτοιμάζω,"gereedmaken, voorbereiden",0,0,0,
ὀλίγος,"klein, weinig, kort(e tijd)",0,0,0,
πάντοτε,"altijd, op elk moment",2,12,6,2026-08-12
σήμερον,"vandaag, heden",0,0,0,
τέλος,"doel, einde, belasting",0,0,0,
τέσσαρες,vier,5,2,3,2026-08-12
τιμή,"eer, waardering, prijs, waarde",0,0,0,
οἰκοδομέω,"(op)bouwen, oprichten",0,0,0,
ἐπιτίθημι,"leggen/plaatsen op, aanvallen",22,4,3,2026-08-12
ἱκανός,"waardig, geschikt, voldoende (groot/lang/veel)",0,0,0,
κλαίω,"weeklagen, huilen",0,0,0,
λογίζομαι,"(uit)rekenen, toekennen, inschatten",31,6,5,2026-08-12
μισέω,"haten, minachten, minder belangrijk achten",0,0,0,
πάσχω,"ondergaan, lijden, doorstaan",0,0,0,
δικαιόω,"rechtvaardigen, rechtvaardig maken, rechtzetten",0,12,4,2026-08-12
θύρα,"deur, ingang",0,0,0,
πειράζω,"beproeven, (uit)proberen, verleiden",0,0,0,
περισσεύω,"overvloedig maken/zijn/hebben, uitblinken (in)",17,14,2,2026-08-12
πλανάω,(act.) misleiden; (med./pas.) (af)dwalen,0,0,0,
πράσσω,"doen, uitvoeren, bezig zijn met",0,0,0,
ἐπιθυμία,"verlangen, begeerte",5,3,5,2026-08-12
εὐχαριστέω,"(be)danken, dankbaar zijn (aan/jegens)",0,0,0,
μνημεῖον,"graf(tombe), monument, gedenksteen",0,0,0,
πέντε,vijf,1,6,1,2026-08-12
ὑποτάσσω,onderwerpen,0,0,0,
ἄρχων,"heerser, leider, ambtelijke autoriteit",0,0,0,
βούλομαι,"willen, verlangen, bedoelen, besluiten",22,2,2,2026-08-12
διάβολος,"lasterlijk; (subst.) aanklager, tegenstander, Duivel",0,0,0,
διακονέω,"dienen, opdienen, (een) dienst verlenen/uitvoeren",0,0,0,
ἐμαυτοῦ,mijzelf [komt alleen in gen./dat./acc. sg. voor],17,8,5,2026-08-12
μαρτυρία,"getuigenis, verklaring, goedkeuring",0,0,0,
παραγίνομαι,"(aan)komen, aanwezig zijn, (publiekelijk) verschijnen",0,0,0,
πρόβατον,schaap,0,11,4,2026-08-12
καλῶς,"goed, juist, op een goede manier",0,0,0,
ἀγρός,veld; (pl.) platteland,0,0,0,
ἐπιστρέφω,"terugkeren, omkeren, bekeren",1,1,3,2026-08-12
καυχάομαι,"opscheppen, (be)roemen",0,0,0,
ὀργή,"boosheid, woede, toorn",0,0,0,
οὖς,oor,17,17,3,2026-08-12
περιτομή,besnijdenis,0,0,0,
προσευχή,"gebed, plaats van gebed",0,0,0,
ὥσπερ,(zo)als,9,15,0,2026-08-12
ἅπτω,"(act.) aansteken; (med.) aanraken, vasthouden (+gen.)",0,0,0,
ἄρτι,(juist) nu,0,0,0,
μάρτυς,getuige,5,2,3,2026-08-12
ὀπίσω,"(+gen.) achter, naar achter, na",0,0,0,
ὀφείλω,"verschuldigd zijn, verplicht zijn, je plicht doen",0,0,0,
ὑποστρέφω,terugkeren,0,5,4,2026-08-12
οἶνος,"wijn, wijngaard",0,0,0,
ἄρα,"dan, natuurlijk",0,0,0,
βιβλίον,"document, boekrol",17,4,3,2026-08-12
βλασφημέω,"kwaadspreken (over), smaden, (God) lasteren",0,0,0,
διακονία,"dienst, bediening, bijstand, uitvoering",0,0,0,
μέλος,"ledemaat, lid",2,16,5,2026-08-12
μετανοέω,"tot inkeer komen (over), berouw hebben (van)",0,0,0,
μήτε,"noch, en/ook niet",0,0,0,
ναί,"ja, inderdaad",31,15,4,2026-08-12
πτωχός,"arm, armoedig, behoeftig",0,0,0,
ἀρνέομαι,"weigeren, ontkennen, verwerpen, negeren",0,0,0,
ἀσθενέω,"zwak zijn, ziek zijn, beperkt zijn",1,7,3,2026-08-12
δείκνυμι,"tonen, aantonen, uiteenzetten, uitleggen",0,0,0,
διαθήκη,"verbond, testament",0,0,0,
ποῖος,"hoedanig, wat voor (soort/type)",9,17,5,2026-08-12
ἀναγινώσκω,lezen,0,0,0,
ἅπας,"geheel, iedereen, allen, alles",0,0,0,
δυνατός,"competent, machtig, mogelijk",2,16,4,2026-08-12
ἐχθρός,(adj.) vijandig; (subst.) vijand,0,0,0,
ἥλιος,zon,0,0,0,
ὑπομονή,"volharding, uithoudingsvermogen",9,9,5,2026-08-12
φαίνω,"(act.) tonen, schijnen, lijken; (med./pas.) verschijnen",0,0,0,
ἔξεστι(ν),"het is toegestaan, het is geoorloofd [3e sg. van ἔξειμι]",0,0,0,
ποτήριον,beker,22,19,1,2026-08-12
ἱερεύς,priester,0,0,0,
ἀκάθαρτος,onrein,0,0,0,
καθαρίζω,"reinigen, zuiveren, schoonmaken",9,4,4,2026-08-12
ἄνεμος,wind,0,0,0,
ἐλπίζω,"hopen (op), verwachten",0,0,0,
ὁμοίως,"op dezelfde manier, evenzo",9,18,3,2026-08-12
παραγγέλλω,"bevelen, instrueren",0,0,0,
παρρησία,"open(hartig)heid, (het) zeggen waar het op staat",0,0,0,
πλῆθος,"menigte, vergadering, bevolking, (grote) hoeveelheid",5,13,4,2026-08-12
πλήν,"anderzijds, echter, behalve (+gen.)",0,0,0,
ποτέ,"wanneer, ooit, voorheen, eindelijk",0,0,0,
συνείδησις,"(moreel) bewustzijn, zelfinzicht",1,16,0,2026-08-12
φυλάσσω,"bewaken, bewaren, in acht nemen, zich hoeden voor",0,0,0,
φυλή,"volk, stam",0,0,0,
διάκονος,"dienaar, hulp, uitvoerder",0,0,5,2026-08-14
ἀγοράζω,kopen,0,0,0,
ἀρνίον,"lam, schaap",0,0,0,
διδαχή,"onderwijs, onderricht",0,16,3,2026-08-12
ἐγγύς,"dichtbij, nabij (+gen.)",0,0,0,
ἐπικαλέω,"(act.) noemen, een naam geven; (med.) aanroepen, een beroep doen op",0,0,0,
ἐπιτιμάω,"oproepen, waarschuwen, terechtwijzen",1,15,0,2026-08-12
σκότος,"duisternis, (het) donker/duister",0,0,0,
συνέρχομαι,"bijeenkomen, vergaderen, vergezellen",0,0,0,
γνῶσις,"kennis, begrip, inzicht",2,2,4,2026-08-12
ἐλεέω,"medelijden hebben (met), compassie betonen (aan)",0,0,0,
Καῖσαρ,"keizer, Caesar",0,0,0,
μάχαιρα,"(kort) zwaard, steekzwaard",31,13,6,2026-08-12
μισθός,"loon, beloning",0,0,0,
παράκλησις,"aansporing, bemoediging, troost",0,0,0,
πάσχα,"[Hebr.] Pesach, Pascha, Pasen, de Paasmaaltijd, het Paaslam",22,8,1,2026-08-12
πόθεν,"waarvandaan, vanwaar",0,0,0,
προσκαλέω,erbij roepen,0,0,0,
σκανδαλίζω,"doen struikelen, schokken",31,15,1,2026-08-12
φεύγω,"vluchten, ontkomen, vermijden, verdwijnen",0,0,0,
φίλος,(adj.) vriendschappelijk; (subst.) vriend,0,0,0,
πλούσιος,"(adj.) rijk, vermogend (subst.) rijke, rijk persoon",17,13,6,2026-08-12
θυσία,offer,0,0,0,
προφητεύω,profeteren,0,0,0,
ἰσχυρός,"sterk, krachtig",31,16,2,2026-08-12
ἡγέομαι,"denken, menen, leiding geven",0,0,0,
ἁγιάζω,"heilig maken, toewijden, heiligen",0,0,0,
ἀδικέω,onrecht doen (aan),1,6,3,2026-08-12
ἀληθινός,"waar, echt, eerlijk",0,0,0,
γαμέω,trouwen (met),0,0,0,
ἐνδύω,"aandoen, aankleden",0,8,1,2026-08-12
θυγάτηρ,dochter,0,0,0,
ἰσχύω,"sterk zijn, bij machte zijn",0,0,0,
νικάω,"overwinnen, de overhand krijgen/hebben",0,1,1,2026-08-12
τελέω,"afronden, helemaal doen, betalen",0,0,0,
χώρα,"streek, land, regio",0,0,0,
οὔπω,nog niet,2,7,0,2026-08-12
σός,"(pron. poss.) jouw, uw; (subst.) het jouwe, het uwe",0,0,0,
σταυρός,kruis,0,0,0,
ἔλεος,"medelijden, compassie, barmhartigheid",9,10,5,2026-08-12
βαστάζω,"optillen, (ver)dragen, wegnemen, roven",0,0,0,
δέκα,tien,0,0,0,
ἐκεῖθεν,"daarvandaan, vandaar",17,7,4,2026-08-12
ἐκχέω,"uitgieten, uitstorten, (zichzelf) verliezen",0,0,0,
καταργέω,"tenietdoen, uitschakelen",0,0,0,
κρίμα,"oordeel(svorming), veroordeling, rechtzaak",31,3,3,2026-08-12
κώμη,dorp,0,0,0,
μυστήριον,"mysterie, geheim(enis)",0,0,0,
πόσος,"hoeveel, hoe groot, hoe lang",1,16,4,2026-08-12
φρονέω,"denken (aan), in gedachte hebben",0,0,0,
ἐπεί,"toen, nadat, aangezien, want, nu",0,0,0,
ἀληθής,"waar, echt, eerlijk",9,6,5,2026-08-12
ἀδελφή,zus,0,0,0,
ἀποκαλύπτω,"onthullen, openbaren, bekend maken",0,0,0,
γνωρίζω,"bekendmaken, informeren, weten",22,0,3,2026-08-12
Ἕλλην,"Griek, Helleen, Griekstalige, niet-Jood",0,0,0,
ἕνεκα,"wegens, vanwege, ter wille van",0,0,0,
ἰάομαι,genezen,22,16,4,2026-08-12
καθαρός,"zuiver, rein, schoon",0,0,0,
λυπέω,"(act.) bedroeven, verdriet doen; (med./pas.) bedroefd zijn, verdriet hebben",0,0,0,
ὀμνύω,zweren,2,17,1,2026-08-12
ὁμολογέω,"informeren, instemmen, belijden, toegeven",0,0,0,
πνευματικός,(adj.) geestelijk; (subst.) geestelijke zaak/gave/macht,0,0,0,
στρατιώτης,soldaat,5,16,1,2026-08-12
συνίημι,begrijpen,0,0,0,
χῆρος,"(adj.) leeg; (subst.) weduwe, weduwnaar",0,0,0,
ἥκω,"gekomen zijn, aanwezig zijn [prae. met betekenis als pf.]",0,7,6,2026-08-14
ἀδικία,onrechtvaardigheid,0,0,0,
ἀναβλέπω,"omhoog kijken, weer (kunnen) zien",0,0,0,
ἀσθενής,"zwak, ziek",17,5,2,2026-08-12
δένδρον,boom,0,0,0,
δουλεύω,slaaf zijn,0,0,0,
ἑορτή,feest,17,6,1,2026-08-12
κελεύω,"bevelen, opdragen",0,0,0,
λευκός,"helder(wit), schijnend",0,0,0,
μανθάνω,"leren, begrijpen",5,3,1,2026-08-12
νεφέλη,wolk,0,0,0,
πορνεία,"ontucht, seksuele immoraliteit",0,0,0,
φιλέω,"liefhebben, hoog waarderen, liefdevol begroeten",5,4,5,2026-08-12
νέος,"nieuw, jong",0,0,0,
νοῦς,"verstand, brein, gedachte",0,0,0,
ἀκοή,"horen, oor, gerucht, bericht",1,8,3,2026-08-12
ἀναιρέω,"opnemen, doden, afschaffen",0,0,0,
ἀσθένεια,"zwakheid, ziekte, beperking",0,0,0,
ἀστήρ,ster,1,13,6,2026-08-12
διότι,"gezien deze dingen, daarom, dus",0,0,0,
ἐπιστολή,brief,0,0,0,
καταλείπω,achterlaten,22,17,6,2026-08-12
κεῖμαι,"liggen, geplaatst zijn",0,0,0,
οὗ,"waar, waarheen [bijzonder gebruik van de gen. van ὅς]",0,0,0,
παῖς,"kind, slaaf, dienaar",2,6,3,2026-08-12
πάρειμι,"aanwezig zijn, zijn bij",0,0,0,
παρουσία,"aanwezigheid, (aan)komst",0,0,0,
πίμπλημι,"vullen, tot vervulling komen",0,3,1,2026-08-12
προσέχω,"opletten, oppassen (voor), zorgdragen (voor)",0,0,0,
σωτήρ,"redder, verlosser",0,0,0,
θεάομαι,"(be)zien, opmerken, een kijkje nemen",17,11,0,2026-08-12
θυσιαστήριον,altaar,0,0,0,
ἐλεύθερος,vrij,0,0,0,
σκεῦος,"object, vat, instrument; (pl.) bezittingen",17,16,5,2026-08-12
χαρίζομαι,"begunstigen, (genadig) vergeven",0,0,0,
ἀμπελών,wijngaard,0,0,0,
ἀνάγω,"naar boven leiden, brengen voor, uitvaren",5,2,3,2026-08-12
ἄπιστος,"ontrouw, trouweloos, ongelovig, ongeloofwaardig",0,0,0,
εἰκών,"(even)beeld, gelijkenis",0,0,0,
ζῷον,"dier, (levend) wezen",1,0,0,2026-08-12
κατηγορέω,"beschuldigen, aanklagen",0,0,0,
κοιλία,"buik, binnenste, schoot",0,0,0,
κωλύω,"verhinderen, beletten, ontzeggen",31,4,1,2026-08-12
μιμνῄσκω,"(zich) herinneren, (zich) bedenken",0,0,0,
πέραν,"aan de overzijde, aan de andere kant",0,0,0,
περιβάλλω,"(rondom) opzetten, aantrekken",2,3,1,2026-08-12
τελειόω,"voltooien, afronden, perfectioneren",0,0,0,
χιλιάς,"duizendtal, groep van duizend",0,0,0,
δοκιμάζω,"onderzoeken, testen, evalueren, goedkeuren",2,5,2,2026-08-12
ἀγνοέω,niet weten (van),0,0,0,
ἀντί,"in plaats van, voor",0,0,0,
αὐξάνω,"(act.) vergroten, doen toenemen; (med.) groeien, toenemen",1,18,0,2026-08-12
γρηγορέω,"wakker zijn, waakzaam zijn, alert zijn",0,0,0,
δέομαι,"verzoeken, smeken, bidden",0,0,0,
ἐκλέγω,"uitkiezen, selecteren",2,14,0,2026-08-12
ἐκλεκτός,"(adj.) uitgekozen, geselecteerd; (subst.) keuze, selectie, uitgekozene",0,0,0,
καθεύδω,slapen,0,0,0,
κἀκεῖνος,"en die(gene), en dat, en hij/zij/het [καί + ἐκεῖνος]",1,10,3,2026-08-12
κατεργάζομαι,"uitvoeren, realiseren, zorgen voor",0,0,0,
κοπιάω,"moe worden, zwoegen",0,0,0,
μετάνοια,"inkeer, berouw",31,13,4,2026-08-12
μηκέτι,niet langer,0,0,0,
πληγή,"slag, klap, wond, plaag",0,0,0,
πλοῦτος,rijkdom,17,13,1,2026-08-12
πωλέω,verkopen,0,0,0,
συνέδριον,"Sanhedrin, (hoge) raad",0,0,0,
τεσσεράκοντα,veertig,17,0,5,2026-08-12
πειρασμός,"beproeving, test, verleiding",0,0,0,
τιμάω,"eren, waarderen, prijzen",0,0,0,
στρέφω,"omdraaien, terugkeren, transformeren",0,6,1,2026-08-12
ἀργύριον,"zilver, zilveren munt, geld",0,0,0,
βασιλεύω,"heersen, koning zijn (over) (+gen.)",0,0,0,
διδασκαλία,"onderricht, onderwijs",22,14,2,2026-08-12
ἐνεργέω,"bewerken, activeren, werkzaam/actief zijn",0,0,0,
εὐδοκέω,"goedvinden, beslissen, blij zijn (met)",0,0,0,
θερίζω,oogsten,17,12,1,2026-08-12
καθίστημι,"brengen (naar), aanstellen, maken",0,0,0,
λατρεύω,"aanbidden, (cultisch) vereren, dienen",0,0,0,
μνημονεύω,"(iemand) herinneren (aan), in herinnering roepen",2,3,4,2026-08-12
περισσός,"(adj.) overvloedig, in hoge mate; (subst.) wat meer is (dan) (+gen.), voordeel",0,0,0,
τελώνης,"belastinginner, tollenaar",0,0,0,
ὑπακούω,"gehoor geven aan, gehoorzamen",0,10,0,2026-08-12
χιλίαρχος,"tribuun, legerofficier",0,0,0,
ὡσεί,"(zo)als, ongeveer",0,0,0,
νηστεύω,vasten,22,18,4,2026-08-12
αἰτία,"oorzaak, reden, casus",0,0,0,
ἀκροβυστία,voorhuid,0,0,0,
βάπτισμα,"doop, (rituele) reiniging",5,16,4,2026-08-12
γένος,"stam, volk, afkomst, soort",0,0,0,
γονεύς,ouder; (pl.) ouders,0,0,0,
ἑκατοντάρχης,"centurion, honderdman",17,8,2,2026-08-12
ἐπίγνωσις,"kennis, bekendheid, herkenning",0,0,0,
ἐφίστημι,"staan naast, klaarstaan, komen over, aanvallen",0,0,0,
ἡγεμών,"leider, gouverneur",1,5,6,2026-08-12
ἰχθύς,vis,0,0,0,
μαρτύριον,"getuigenis, verklaring",0,0,0,
ξύλον,"hout, knuppel, stok, kruis, boom",22,4,2,2026-08-12
προάγω,"naar voren leiden, voor(af)gaan",0,0,0,
σκηνή,"tent, woning, tabernakel",0,0,0,
σοφός,wijs,17,13,6,2026-08-12
τοσοῦτος,"zo groot, zo veel",0,0,0,
τρέχω,rennen,0,0,0,
ὑπηρέτης,"helper, assistent",2,12,1,2026-08-12
ὑψόω,"optillen, verhogen, verheerlijken",0,0,0,
παλαιός,oud,0,0,0,
τέλειος,"voltooid, perfect, volwassen",2,2,6,2026-08-12
ἀπέχω,"(ontvangen) hebben, weg zijn (van), afzien van",0,0,0,
κοινωνία,"gemeenschap(sleven), uiting van gemeenschap",0,0,0,
γεωργός,"boer, druiventeler, wijngaardenier",17,9,3,2026-08-12
διακρίνω,"onderscheiden, evalueren, (be)oordelen, tegenspreken, twijfelen",0,0,0,
δῶρον,"gave, donatie, geschenk",0,0,0,
ἐπαίρω,"optillen, opheffen, zich verheffen",1,0,2,2026-08-12
ἐπάνω,"boven, over, op, meer dan (+gen.)",0,0,0,
ἐπιλαμβάνομαι,(in bezit) nemen,0,0,0,
ἐπουράνιος,hemels,0,7,2,2026-08-12
κριτής,rechter,0,0,0,
κρύπτω,"verbergen, verstoppen",0,0,0,
κτίσις,"schepping, schepsel, instelling",9,10,1,2026-08-12
μεριμνάω,onrustig/bezorgd zijn (over),0,0,0,
παράπτωμα,overtreding,0,0,0,
παρατίθημι,"voorzetten, demonstreren, toevertrouwen (aan)",22,18,1,2026-08-12
προφητεία,"(het) profeteren, profetie",0,0,0,
νυνί,"nu, welnu",0,0,0,
μέχρι,tot(dat),1,12,4,2026-08-12
δεσμός,"boei, band",0,0,0,
κατέχω,"vasthouden, in beslag nemen, bezitten, uitvaren naar",0,0,0,
ἐπιτρέπω,"toestaan, toelaten",31,20,1,2026-08-12
ἀληθῶς,"werkelijk, zeker, echt",0,0,0,
ἀποκάλυψις,"onthulling, openbaring, bekendmaking",0,0,0,
ἀπώλεια,"vernietiging, ondergang",1,12,4,2026-08-12
ἆρα,"soms, dan [markeert een vraagzin met een verwachte negatieve respons]",0,0,0,
ἀριθμός,"aantal, totaal",0,0,0,
βλασφημία,"smaad, laster, godslastering",0,3,4,2026-08-12
δέησις,"verzoek, (smeek)bede, gebed",0,0,0,
εἰσπορεύομαι,"reizen naar, binnengaan, komen in",0,0,0,
ἐλέγχω,"aan de kaak stellen, terechtwijzen, confronteren",1,7,2,2026-08-12
ἐμβαίνω,"gaan in, aan boord gaan, inschepen",0,0,0,
ἐπιβάλλω,"leggen op, stoten tegen, behoren tot",0,0,0,
θυμός,"passie, sterk verlangen, boosheid",31,12,4,2026-08-12
καταγγέλλω,(overal) verkondigen,0,0,0,
κατακρίνω,"een oordeel vellen, veroordelen",0,0,0,
κενός,"leeg, zinloos, ijdel",0,6,5,2026-08-12
κληρονομέω,"erven, verkrijgen",0,0,0,
κοιμάομαι,"slapen, gestorven zijn",0,0,0,
κόπος,"moeite, gezwoeg",22,0,0,2026-08-12
μήν (II),maand,0,0,0,
οἰκοδομή,"gebouw, opbouw",0,0,0,
παραχρῆμα,"meteen, onmiddellijk",9,8,2,2026-08-12
ποιμήν,"herder, hoeder",0,0,0,
πόλεμος,"oorlog, strijd",0,0,0,
πολλάκις,"vaak, dikwijls",17,17,4,2026-08-12
προστίθημι,"toevoegen, doorgaan",0,0,0,
πυλών,"poort(gebouw), toegang(spoort)",0,0,0,
στέφανος,"krans, kroon",22,16,4,2026-08-12
ταράσσω,"opstoken, verstoren, in beroering brengen",0,0,0,
τίκτω,"voortbrengen, baren",0,0,0,
φανερός,"openlijk, zichtbaar, herkenbaar",1,20,3,2026-08-12
χρυσοῦς,"gouden, van goud",0,0,0,
σκοτία,"duisternis, (het) donker/duister",0,0,0,
ῥύομαι,"redden, verlossen",1,17,4,2026-08-12
ὑποκριτής,"hypocriet, toneelspeler",0,0,0,
ἐπαύριον,morgen,0,0,0,
ἀνάγκη,"noodzaak, dwang, stress",0,12,1,2026-08-12
μήτι,[in vraagzin] toch (zeker) niet; [+εἰ] tenzij,0,0,0,
ἀρέσκω,"behagen, plezieren",0,0,0,
ἄφεσις,"vrijlating, vergeving",22,15,1,2026-08-12
ὡσαύτως,"op dezelfde manier, zo ook",0,0,0,
βρῶμα,voedsel,0,0,0,
ἑκατόν,honderd,31,17,4,2026-08-12
ἐξίστημι,"(act.) verbazen; (med./aor.2) verbaasd zijn, gek geworden zijn",0,0,0,
ἕτοιμος,"gereed, voorbereid, klaar",0,0,0,
θησαυρός,"schat, (schat)kist, schatkamer",0,13,3,2026-08-12
ἵππος,paard,0,0,0,
καθάπερ,(zo)als,0,0,0,
καταλύω,"vernielen, vernietigen, onderdak vinden",22,9,4,2026-08-12
κερδαίνω,"winst maken, winnen",0,0,0,
κρυπτός,"verborgen, geheim",0,0,0,
νίπτω,wassen,22,19,2,2026-08-12
περιτέμνω,besnijden,0,0,0,
πλήρωμα,"vulling, volheid, vervulling",0,0,0,
πλησίον,(subst.) naaste; (prep.) nabij (+gen.),17,16,2,2026-08-12
ποταμός,"rivier, stroom",0,0,0,
ῥίζα,"wortel, loot",0,0,0,
ὑπομένω,"(achter)blijven, doorstaan",31,20,2,2026-08-12
χάρισμα,"(genade)gave, goddelijk geschenk",0,0,0,
ὦ,o(!) [markeert een uitroep],0,0,0,
πλήρης,vol (van) (+gen.),9,9,0,2026-08-12
ὑστερέω,"ontbreken, gebrek lijden, nodig hebben",0,0,0,
νυμφίος,bruidegom,0,0,0,
εὐλογία,"lof, prijs, vleierij",0,7,4,2026-08-12
οὐδέποτε,nooit,0,0,0,
κλέπτης,dief,0,0,0,
δέσμιος,"(vast)gebondene, gevangene",0,20,1,2026-08-12
δεῖπνον,"avondeten, feestmaal",0,0,0,
διατάσσω,"regelen, instrueren, bevelen",0,0,0,
ἀθετέω,"verwerpen, ongeldig verklaren",22,12,0,2026-08-12
ἀνακρίνω,"onderzoeken, ondervragen over, informeren naar, (gerechtelijk) verhoren",0,0,0,
διαλογίζομαι,"discussiëren, bespreken, overwegen",0,0,0,
διψάω,"dorstig zijn (naar), dorst hebben (naar)",17,12,0,2026-08-12
ἐκτείνω,"uitstrekken, uitwerpen",0,0,0,
ἔπειτα,"toen, dan, daarna, vervolgens",0,0,0,
ἐπιθυμέω,"verlangen naar, begeren",17,2,6,2026-08-12
ἐπιμένω,"blijven, volharden (in)",0,0,0,
ἐργάτης,"werker, arbeider, uitvoerder",0,0,0,
ζῆλος,"ijver, enthousiasme, jaloezie, rivaliteit",5,13,5,2026-08-12
θεμέλιος,fundament,0,0,0,
κακῶς,"slecht, op kwade wijze, onterecht; [+ἔχειν] ziek zijn",0,0,0,
κἄν,"en als, in in het geval dat [καί + ἐάν]",31,8,6,2026-08-12
κλείω,(af)sluiten,0,0,0,
λύπη,"verdriet, droefenis, pijn",0,0,0,
πάθημα,"lijden, passie",5,1,4,2026-08-12
παρέχω,"verschaffen, voorzien (van/in), teweegbrengen",0,0,0,
περισσῶς,"bovenmatig, zeer, (des) te meer",0,0,0,
συκῆ,vijgenboom,1,14,1,2026-08-12
συλλαμβάνω,"grijpen, helpen, zwanger worden",0,0,0,
συνίστημι,"aanbevelen, bevestigen, staan naast, bestaan",0,0,0,
τέρας,"wonder, goddelijk (voor)teken",5,19,5,2026-08-12
τροφή,"voedsel, levensmiddelen",0,0,0,
καταλαμβάνω,"innemen, (be)grijpen, veiligstellen",0,0,0,
γάμος,"huwelijk, bruiloft",1,1,4,2026-08-12
πέτρα,rots(blok),0,0,0,
συμφέρω,"bijeenbrengen, bijdragen",0,0,0,
τράπεζα,"tafel, eettafel, wisseltafel",22,14,0,2026-08-12
ἐπαγγέλλομαι,beloven,0,0,0,
γεύομαι,"proeven, ervaren",0,0,0,
εὐσέβεια,"vroomheid, godsvrucht",5,1,2,2026-08-12
ἐντέλλομαι,"opdragen, instrueren",0,0,0,
ὑπακοή,gehoorzaamheid,0,0,0,
ἐπίσταμαι,"begrijpen, weten",2,3,2,2026-08-12
ὅθεν,"waarvandaan, vanwaar, daarom",0,0,0,
μερίζω,"verdelen, uitdelen",0,0,0,
μέτρον,"maat(staf), hoeveelheid",31,4,5,2026-08-12
κοινός,"gemeenschappelijk, gewoon, (ritueel) onrein",0,0,0,
θύω,"offeren, slachten",0,0,0,
κλάω,breken,22,14,4,2026-08-12
ταπεινόω,"(act.) laag maken, vernederen; (pas.) vernederd worden, gebrek lijden",0,0,0,
ἕκτος,zesde,0,0,0,
κοινόω,"ontheiligen, ritueel onrein maken, beschouwen als (ritueel) onrein",9,20,4,2026-08-12
πετεινός,(adj.) vogelachtig; (subst.) vogel,0,0,0,
ἀνάκειμαι,aanliggen,0,0,0,
ὄψιος,(adj.) laat; (subst.) avond,22,11,6,2026-08-12
ἀμφότεροι,"beide, allen",0,0,0,
ἁρπάζω,"roven, (weg)nemen",0,0,0,
μακροθυμία,"lankmoedigheid, geduld",2,9,5,2026-08-12
ἀναγγέλλω,"berichten, bekend maken, verkondigen",0,0,0,
χωρίζω,"scheiden, weggaan",0,0,0,
καταντάω,"bereiken, aankomen (bij)",2,7,3,2026-08-12
καταισχύνω,"beschamen, te schande maken",0,0,0,
παιδεύω,"opvoeden, opleiden, educatief vormen",0,0,0,
ἄνωθεν,"van boven, vanaf het begin, opnieuw",1,16,2,2026-08-12
μάλιστα,"het meest, vooral [superl. van μάλα]",0,0,0,
προσλαμβάνω,"deelnemen aan, meenemen, aannemen",0,0,0,
σπλαγχνίζομαι,"compassie hebben (met), medelijden hebben (met)",17,8,2,2026-08-12
καίω,"aansteken, in brand steken",0,0,0,
ἔθος,"gewoonte, gebruik",0,0,0,
σπλάγχνον,"(pl.) ingewanden, inwendige organen, hart",5,20,2,2026-08-12
κλάδος,tak,0,0,0,
κλῆρος,"lot, erfdeel",0,0,0,
ἅμα,tegelijk(ertijd),5,6,1,2026-08-12
κοινωνός,"deelgenoot, partner",0,0,0,
ὄντως,"echt, onbetwistbaar, eigenlijk",0,0,0,
σιγάω,"stil zijn, rustig zijn, zwijgen",5,1,5,2026-08-12
ἔνοχος,"onderworpen aan, aansprakelijk (gehouden voor)",0,0,0,
ἀπολογέομαι,zichzelf verdedigen (voor de rechtbank),0,0,0,
ἐπιδίδωμι,"aanbieden, overhandigen, uitdelen, overgeven",0,0,2,2026-08-12
αἵρεσις,"factie, sekte, verdeeldheid zaaiende mening",0,0,0,
καταφρονέω,"minachten, verachten, bespotten",0,0,0,
ἀπιστέω,"ontrouw zijn, niet geloven",9,13,0,2026-08-12
διανοίγω,"openen, open doen",0,0,0,
ἐνθάδε,"hier, hiernaartoe",0,0,0,
σχίσμα,"scheuring, verdeeldheid",0,3,1,2026-08-12
δόκιμος,"goedgekeurd, geschikt (bevonden)",0,0,0,
ἐπαινέω,"loven, aanbevelen",0,0,0,
ὅσος,"zo veel als, zo groot als",9,2,6,2026-08-12
μέρος,"deel, partij, zaak",0,0,0,
ἐκπορεύομαι,"(weg)gaan, (uit)komen",0,0,0,
παρέρχομαι,"gaan langs, voorbijgaan, vergaan",1,5,4,2026-08-12
